insert into nhan_vien values(
	"Nguyễn Minh Ngọc",23,0,"Hai Bà Trưng-Hà Nội","0963819191","Nhân Viên Bán Hàng",5000000
);

insert into nhan_vien values(
	"Trần Minh Phương",25,1,"Ba Đình-Hà Nội","0963329191","Nhân Viên Bán Hàng",5000000
);

insert into nhan_vien values(
	"Nguyễn Ngọc Diệp",20,0,"Thanh Xuân-Hà Nội","01238943281","Nhân Viên Thu Ngân",7000000
);

insert into acc values(
	"Nguyễn Ngọc Diệp","2","2"
);

insert into ds_san_pham values(
	"Chính Sách Tiền Lương 2011","Các Loại Sách",30,50000,60000
);

insert into chi_tiet_sp values(
	"Chính Sách Tiền Lương 2011","Bộ Lao Động","Lao Động","Tiếng Việt","Sách Xã Hội"
);

insert into ds_san_pham values(
	"Kĩ năng trình bày và soạn thảo văn bản","Các Loại Sách",20,40000,50000
);

insert into chi_tiet_sp values(
	"Kĩ năng trình bày và soạn thảo văn bản","Phương Anh","Lao Động","Tiếng Việt","Sách Xã Hội"
);

insert into ds_san_pham values(
	"100 truyện cổ tích Việt Nam","Các Loại Sách",30,70000,80000
);

insert into chi_tiet_sp values(
	"100 truyện cổ tích Việt Nam","Bảo Tiền","Văn Hóa Thông Tin","Tiếng Việt","Sách Truyện"
);

insert into ds_san_pham values(
	"Dying to be ill","Các Loại Sách",40,100000,110000
);

insert into chi_tiet_sp values(
	"Dying to be ill","Marc D.Feldman","Offord","Tiếng Anh","Sách Truyện"
);

insert into ds_san_pham values(
	"Hit remix Khắc Việt","Đĩa Nhạc",100,20000,40000
);

insert into chi_tiet_sp values(
	"Hit remix Khắc Việt","Khắc Việt","Khắc Việt","Remix 2018","Remix"
);

insert into ds_san_pham values(
	"Tình Yêu Mới","Đĩa Nhạc",50,30000,50000
);

insert into chi_tiet_sp values(
	"Tình Yêu Mới","Tường Vi","Tường Vi","Malisr Tường Vi vol.2","Nhạc Trẻ"
);

insert into ds_san_pham values(
	"Sợ Người Thất Hứa","Đĩa Nhạc",40,50000,70000
);

insert into chi_tiet_sp values(
	"Sợ Người Thất Hứa","Nguyễn Quốc Cường","Vĩnh Thuyên Kim","Sợ Người Thất Hứa","Nhạc Trẻ"
);

insert into ds_san_pham values(
	"Bụi Đời Chợ Lớn","Đĩa Phim",30,100000,150000
);

insert into chi_tiet_sp values(
	"Bụi Đời Chợ Lớn","Charli Nguyễn","Jonny Trí Nguyễn","Bản HD","Phim Hành Động"
);

insert into ds_san_pham values(
	"Harry Potter","Đĩa Phim",40,150000,200000
);

insert into chi_tiet_sp values(
	"Harry Potter","Chris Columbus","Daniel Radcliffe","1080p60","Phim Viễn Tưởng"
);

insert into chi_phi_phat_sinh values(
	"Tiền điện",3000000,"Tháng"
);

insert into chi_phi_phat_sinh values(
	"Tiền nước",500000,"Tháng"
);

insert into chi_phi_phat_sinh values(
	"Tiền Thuê Mặt Bằng",10000000,"Tháng"
);

insert into chi_phi_phat_sinh values(
	"Tiền Mua Kệ Sách",15000000,"None"
);

insert into hoa_don values(
	default,"Nguyễn Ngọc Diệp","25/04/2018","Trần Thu Cúc","0977618892"
);

insert into chi_tiet_hd values(
	1,"Harry Potter",3
);

insert into chi_tiet_hd values(
	1,"Sợ Người Thất Hứa",5
);

insert into chi_tiet_hd values(
	1,"Bụi Đời Chợ Lớn",10
);